Name,Category,Region,Website,Phone,Email
"Aanari Hotel & Spa","hotel","West","http://www.aanari.com/","+230 453 9000",
"ABC Car Rental","car_rental","North","http://abc-carrental.com/","+230 260 0188",
"Adamas Diamond Showroom","retail","Central","http://www.adamasltd.com/","+230 686 5246",
"AKD Car Rental","car_rental","Central","https://www.akd-locationvoiture.com/","",
"Amari by Vineet","restaurant","East","https://www.luxresorts.com/en/mauritius/hotel/luxbellemare/restaurants-bars/amari-by-vineet","+230 402 2000",
"Amplify Studio","spa","Central","http://www.amplifystudio.space/","+230 5788 9888",
"Andrea Italian Restaurant","restaurant","West","http://www.daandreanyc.com/","+1 212-367-1979",
"Autorent Mauritius","car_rental","Central","http://autorentmauritius.com/","+230 5897 5555",
"Avis Mauritius","car_rental","Central","https://www.avismauritius.com/","+230 637 3100",
"Ayur Wellness","spa","West","http://www.ayurwellness.co/","+230 5917 4671",
"Bagatelle Mall of Mauritius","retail","Central","https://www.ascenciamalls.com/bagatelle-mall","+230 460 0707",
"Beachcomber Trou aux Biches Resort","hotel","North","https://www.beachcomber-hotels.com","+230 204 6565",
"Blue Safari Submarine","tour","West","https://blue-safari.com/","+230 265 7272",
"Blue Water Diving Centre","tour","West","http://bluewaterdivingcentre.com/fr/","+230 5858 2226",
"Bo'Valon Mall","retail","Central","http://www.ascenciamalls.com/","+230 630 0057",
"Cafe des Arts","restaurant","West","http://www.maniglier.com/","+230 480 0220",
"Cafe du Vieux Conseil","restaurant","Port Louis","","+230 5434 5422",
"Canonnier Beachcomber Golf Resort & Spa","hotel","North","https://www.beachcomber-hotels.com/en/hotel/canonnier-beachcomber","+230 209 7000",
"Cascavelle Shopping Mall","retail","West","http://www.cascavelle.mu/","+230 452 9000",
"Casela World of Adventures","tour","West","https://caselaparks.com/","+230 401 6500",
"Catamaran Cruises Mauritius","tour","West","https://catamaran-cruises.com/","+230 5728 3030",
"Caudan Waterfront","retail","Port Louis","http://www.caudan.com/","+230 211 9500",
"Chateau Labourdonnais","tour","North","https://domainedelabourdonnais.com/experience/","+230 266 3007",
"Chateau Labourdonnais Restaurant","restaurant","North","https://domainedelabourdonnais.com/experience/","+230 266 3007",
"Chateau Mon Desir","restaurant","North","http://www.chateaumondesir.mu/","+230 204 1000",
"Chez Meung","restaurant","North","","+230 5924 7838",
"Chez Rosy","restaurant","South","http://chez-rosy-le-gris-gris.restaurant.mu/","+230 625 4179",
"Chez Tino","restaurant","North","","+230 480 2769",
"Chinese Garden","restaurant","North","","+230 269 1473",
"Cinq Mondes Spa Flic en Flac","spa","West","https://www.cinqmondes.com/","+230 402 3776",
"Coastal Tours Car Rental","car_rental","North","https://coastaltoursmauritius.com/","+230 263 1378",
"Coco Blush Events","services","West","https://www.cocoblushevents.com/","",
"Coeur de Ville Grand Bay","retail","North","http://coeurdeville.mu/","",
"Coin de Mire Attitude","hotel","North","https://hotels-attitude.com/en/coin-de-mire-attitude","+230 204 9900",
"Constance Belle Mare Plage","hotel","East","https://www.constancehotels.com","+230 402 2600",
"Constance Prince Maurice","hotel","East","https://www.constancehotels.com/en/hotels-resorts/prince-maurice/","+230 402 3636",
"Coteau du Lac","restaurant","Central","","",
"Craft Market Caudan","retail","Port Louis","","+230 211 9500",
"CrossFit Grand Baie","services","North","https://www.crossfitgrandbaie.com/","+230 5258 3643",
"CrossFit Tamarin","services","West","http://www.crossfittamarin.com/","+230 5922 1566",
"Dallas Yesh Cuisine n Bar","restaurant","West","https://officialmauritius.com/business/eat/restaurants/resto-dallas/99","+230 5940 2227",
"DECORDIER Immobilier","services","North","https://www.decordier-immobilier.mu/","+230 268 2828",
"Deer Hunter","restaurant","South","","",
"Dinarobin Beachcomber Golf Resort & Spa","hotel","West","https://www.beachcomber-hotels.com/en/hotel/dinarobin-beachcomber","+230 401 4900",
"Dive Passion Mauritius","tour","East","http://www.divepassionmauritius.com/","+230 5856 5527",
"Dolphin Warrior","tour","West","https://www.dolphinwarriormauritius.com/","+230 5755 4175",
"Domaine Anna","restaurant","East","http://www.domaineanna.mu/","+230 453 9650",
"Domaine de Grand Baie Spa by Sothys","spa","North","https://domainegrandbaie.com/","+230 260 4400",
"Domaine de l'Etoile","tour","East","https://www.anahitamauritius.com/en/experiences/#domaindeetoile","+230 402 8989",
"Ebrahim Tours","car_rental","North","https://www.ebrahimtours.mu/","+230 5745 0101",
"Electrobike Mauritius","tour","South","https://www.facebook.com/ebike.rosebelle/","+230 5759 5179",
"Escale Creole","restaurant","Central","https://escalecreole.net/","+230 5422 2332",
"Eureka Table d'Hote","restaurant","Central","http://maison-eureka.restaurant.mu/","+230 433 8477",
"Europcar Mauritius","car_rental","Central","http://www.europcar.mu/","+230 286 0140",
"Explore Nou Zil","tour","South","https://explorenouzil.com/","",
"First Car Rental Mauritius","car_rental","Central","","+230 210 3030",
"Flacq Market","retail","East","","",
"FleetPro Services","car_rental","Central","https://fleetpro.mu/","+230 490 7005",
"Floreal Square","retail","Central","","",
"Footlove Reflexology","spa","North","https://footlove.mu/","+230 5498 6461",
"Foraha Spa","spa","West","","+230 263 2996",
"Fotoshoot Productions","services","Port Louis","http://www.fotoshootprod.com/","",
"Four Seasons Resort Mauritius","hotel","East","https://www.fourseasons.com","+230 402 3100",
"Frederica Nature Reserve","tour","South","","",
"Friday Attitude","hotel","East","https://hotels-attitude.com/en/friday-attitude","+230 402 7070",
"Galerie des Iles","retail","West","https://ilhadocirnegallery.com/","+230 263 1406",
"Go Duty Free Caudan","retail","Port Louis","http://www.godutyfree.mu/","+230 210 9849",
"Go Duty Free Grand Baie","retail","North","https://www.godutyfree.mu/","+230 5986 8297",
"Golden Capture Studio","services","West","http://www.golden-capture.com/","+230 5251 1532",
"Goodlands Market","retail","North","","",
"Grand Baie Bazaar","retail","North","","+230 5772 6615",
"Hammam Spa Mauritius","spa","Central","","+230 263 2996",
"Happy Rajah","restaurant","North","http://www.happyrajah.com/","+230 263 2241",
"Hennessy Park Hotel","hotel","Central","https://ninetysixhotels.com/hennessy-park-hotel-eben-cybercity-mauritius.html","+230 403 7200",
"Heritage Le Telfair Golf & Wellness Resort","hotel","South","https://www.heritageresorts.mu","+230 601 5500",
"Hertz Mauritius","car_rental","Central","http://www.hertz.mu/","+230 800 2333",
"I Keep The Pace","tour","Central","http://pacecmi.org/","+1 989-953-5814",
"IDrive Mauritius","car_rental","Central","http://mauhire.com/","+230 5768 8168",
"Ignite Studios","spa","Central","http://www.ignite-studios.mu/","+230 5447 0661",
"Ile aux Cerfs Golf & Leisure","tour","East","http://www.ileauxcerfsgolfclub.com/","+230 402 7720",
"Ile des Deux Cocos","tour","South","https://www.iledesdeuxcocos.com/","+230 698 2727",
"Just Diving","tour","North","http://www.justdivingmauritius.com/","+230 5834 0863",
"JW Marriott Mauritius Resort","hotel","West","https://www.marriott.com/en-us/hotels/mruxm-the-st-regis-le-morne-resort-mauritius/overview/?cid=NAT_google_hotel_url","+230 403 9000",
"Karay Mario","restaurant","Central","http://www.karaymario.com/","+230 630 1682",
"Kreola Car Rental","car_rental","Central","http://www.kreola.mu/","+230 466 0989",
"L'Alchimiste","restaurant","North","http://www.rhumeriedechamarel.com/","+230 483 4980",
"L'Aventure du Sucre","tour","North","https://aventuredusucre.com/fr/","+230 243 7900",
"L'Aventure du Sucre Restaurant","restaurant","North","https://aventuredusucre.com/fr/","+230 243 7900",
"La Bonne Chute","restaurant","West","http://www.labonnechuterestaurantandbar.com/","+230 483 6552",
"La Clef des Champs","restaurant","South","http://www.laclefdeschamps.mu/","+230 686 3458",
"La Croisette","retail","North","http://gblc.mu/","+230 209 2000",
"La Rougaille Creole","restaurant","North","","+230 263 8449",
"La Vallée des Couleurs","tour","South","https://www.vallepark.com/","+230 660 4477",
"Lagoon Attitude","hotel","North","https://hotels-attitude.com/en/lagoon-attitude","+230 204 8800",
"Lambic","restaurant","North","","+230 212 6011",
"Le Barachois","restaurant","East","","",
"Le Capitaine","restaurant","North","https://www.lecapitaine.restaurant/","+230 5253 5505",
"Le Capitaine Seafood","restaurant","North","https://www.lecapitaine.restaurant/","+230 5253 5505",
"Le Chamarel Restaurant","restaurant","West","https://www.lechamarelrestaurant.com/","+230 483 4421",
"Le Chateau de Bel Ombre","restaurant","South","https://www.lechateaudebelombre.com/","+230 5511 5888",
"Le Courtyard","restaurant","Port Louis","https://www.le-courtyard.com/","+230 210 0810",
"Le Craft Market Flic en Flac","retail","West","","+230 211 9500",
"Le Fangourin","restaurant","South","https://aventuredusucre.com/fr/le-musee/#le-restaurant-le-fangourin","+230 243 7900",
"Le Jadis Hotel & Spa","hotel","North","https://www.lejadis.com/","+230 204 1888",
"Le Jadis Spa & Wellness","spa","North","https://www.lejadis.com/","+230 204 1888",
"Le Palmiste Resort & Spa","hotel","North","https://www.hotel-lepalmiste.mu/index.php/en/","+230 265 6815",
"Le Pescatore","restaurant","North","http://www.lepescatore.com/","+230 265 6337",
"Le Spa by Clarins","spa","West","https://www.oneandonlyresorts.com/le-saint-geran/experiences/guerlain-spa?utm_medium=organic-search&utm_source=gbp&utm_campaign=gbp_ao_y_oolsg_pri-mkt_wt__ao__kz&utm_content=__&utm_term=&utm_id=pdoz8z","+230 401 1688",
"Long Beach Golf & Spa Resort","hotel","East","https://www.yoursunlife.com/longbeachmauritius/?%2Futm_source=google&utm_medium=local&utm_campaign=hotel-longbeach","+230 401 1919",
"Luscious Spa and Beauty","spa","North","","+230 5775 8168",
"LUX Grand Gaube","hotel","North","https://www.luxresorts.com/en/mauritius/hotel/luxgrandgaube","+230 204 9191",
"LUX Le Morne","hotel","West","https://www.luxresorts.com/en/mauritius/hotel/luxlemorne","+230 401 4000",
"LUX* Grand Baie","hotel","North","https://www.luxresorts.com","+230 209 8000",
"Mahebourg Monday Market","retail","South","","",
"Mahebourg Waterfront","retail","South","","+230 5946 9721",
"Maison de Sante Spa","spa","Central","http://www.sannyasa.org/","+230 5825 9553",
"Maison Sasha Hair & Beauty","services","Central","https://www.maison-sasha.com/","+230 674 7014",
"Maki Car Rental","car_rental","West","https://www.maki-car-rental.com/rent-a-car/mauritius.html","+230 5250 1260",
"Maradiva Villas Resort & Spa","hotel","West","http://www.maradiva.com/","+230 403 1500",
"Marry Me Mauritius","services","West","http://mauritius-events.de/","+230 5782 8128",
"Mauricia Beachcomber Resort & Spa","hotel","North","https://www.beachcomber-hotels.com/en/hotel/mauricia-beachcomber","+230 209 1100",
"Mauritius Aquarium","tour","North","http://www.odysseomauritius.com/","+230 659 8000",
"Mauritius Car Rental","car_rental","South","https://www.mauritiuscarental.com/","+230 5257 4888",
"Mauritius Guided Tours","tour","Central","https://mauritiusguidedtours.com/","+230 5940 3007",
"Mauritius Sotheby's International Realty","services","Central","https://www.sothebysrealty.mu/","+230 268 2414",
"MGC Wellness Centre","spa","Central","https://www.lesmariannes.com/","+230 243 8387",
"Mooi Hair Salon","services","North","https://mooi.hair/","+230 5258 8625",
"Morisoleil Car Rental","car_rental","South","","+230 5254 2424",
"Mystik Lifestyle Hotel","hotel","North","https://newmarkhotels.com/accommodation/mystik-lifestyle-boutique-hotel","+230 204 5500",
"Namaste Restaurant","restaurant","Port Louis","https://namaste.restaurant.mu/","+230 5256 3864",
"Natural Massage Centre","spa","North","http://www.sourcenaturalmassage.com/","+230 5491 6219",
"Ocean Harmony Spa","spa","North","","+230 5875 6182",
"Ocean Restaurant","restaurant","North","","+230 5931 6782",
"Oceane Cruises","tour","West","http://www.oceane.mu/","+230 480 2767",
"One&Only Le Saint Geran","hotel","East","https://www.oneandonlyresorts.com","+230 401 1688",
"Otayo Mauritius","tour","Central","https://otayo.com/","+230 466 9999",
"Outrigger Mauritius Beach Resort","hotel","South","https://www.outrigger.com/mauritius/outrigger-mauritius-beach-resort","+230 623 5000",
"Pam Golding Properties Mauritius","services","North","https://www.pamgolding.mu/fr/","+230 263 4056",
"Paradis Beachcomber Golf Resort & Spa","hotel","West","https://www.beachcomber-hotels.com/en/hotel/paradis-beachcomber","+230 401 5050",
"Paradise Cove Boutique Hotel","hotel","North","http://www.paradisecovehotel.com/","+230 204 4000",
"Park Lane Properties","services","North","http://www.parklane.mu/","+230 483 7575",
"Phoenix Mall","retail","Central","https://www.ascenciamalls.com/phoenix-mall","+230 697 6208",
"Pingouin Car Rental","car_rental","Central","https://www.carrental-mauritius.com/","+230 637 8080",
"Port Louis Central Market","retail","Port Louis","","",
"Pro Dive Mauritius","tour","North","http://www.prodivemauritius.com/","+230 265 6213",
"Quatre Bornes Market","retail","Central","","",
"Radisson Blu Azuri Resort","hotel","North","https://www.radissonhotels.com","+230 204 7000",
"Ravior Jewellery","retail","Port Louis","http://www.ravior.com/","+230 471 2130",
"Recif Attitude","hotel","North","https://hotels-attitude.com/en/recif-attitude","+230 204 2800",
"Rentiles Mauritius","car_rental","Central","https://www.mauritiuscarental.com/","+230 5257 4888",
"Riche Terre Mall","retail","North","https://www.ascenciamalls.com/riche-terre-mall","+230 249 0037",
"Rose Hill Market","retail","Central","","+230 465 5489",
"Royal Adventure Cars","car_rental","Central","https://www.royaladventurecars.com/","+230 5251 4101",
"Royal Car Rental","car_rental","Central","https://www.carrentalmauritius.com/","+230 5926 7799",
"Royal Palm Beachcomber","hotel","North","https://www.beachcomber-hotels.com/en/hotel/royal-palm-beachcomber-luxury","+230 209 8300",
"Ruisseau Creole","restaurant","West","http://www.ruisseaucreole.com/","+230 483 4000",
"Sakura Japanese Restaurant","restaurant","Central","https://www.sakurasteakhouse.com/","+1 703-356-6444",
"Salt of Palmar","hotel","East","https://www.saltresorts.com/en/mauritius/hotel/saltofpalmar","+230 401 8500",
"Sands Suites Resort & Spa","hotel","West","https://sands.mu/","+230 403 1200",
"Scuba World Diving Mauritius","tour","South","http://www.scubaworld-mauritius.com/","+230 5944 9163",
"Seapoint Boutique Hotel","hotel","North","https://searesortshotels.com/seapoint/","+230 209 1055",
"Seastar Hotel","hotel","West","https://www.seastarmauritius.com/","+230 453 0055",
"Seg Mauritian Diner","restaurant","North","https://chezram.com/sp/","+230 263 8569",
"Seven Colours Wellness Lounge","spa","South","https://www.sevencolours.mu/spa-veranda-resorts.html","+230 460 0492",
"Shandrani Beachcomber Resort & Spa","hotel","South","https://www.beachcomber-hotels.com/en/hotel/shandrani-beachcomber","+230 603 4100",
"Shangri-La Le Touessrok","hotel","East","http://www.shangri-la.com/mauritius","+230 402 7400",
"Shangri-La Le Touessrok Resort & Spa","hotel","East","https://www.shangri-la.com","+230 402 7400",
"Shanti Maurice Nira Spa","spa","South","http://shantimaurice.com/","+230 603 7200",
"Sixt Mauritius","car_rental","Central","https://www.sixt.com/car-rental/mauritius/plaisance/mauritius-airport/?utm_source=google_business&utm_medium=organic&utm_campaign=Listings&c1=MU&c2=plaisance&c3=mauritius-airport&fir=1","+230 5250 9999",
"So Flo","retail","West","https://www.ascenciamalls.com/","+230 606 3131",
"Sofitel Mauritius L'Imperial Resort","hotel","West","https://www.sofitel.com","+230 453 8700",
"Solar Sea Walk","tour","North","http://www.solarseawalk.com/","+230 5253 6961",
"SPARC Mauritius","services","West","https://sparc.mu/","+230 401 6611",
"Sugar Beach Mauritius","hotel","West","https://www.sugarresorts.com","+230 453 9090",
"Sun Divers Mauritius","tour","West","https://www.sundiversmauritius.com/","+230 5972 1504",
"Sunset Boulevard","retail","North","","",
"Super U Grand Baie","retail","North","http://www.superu.mu/","+230 263 0502",
"Synergy Sport & Wellness Institute","services","Central","http://www.synergy.mu/","+230 433 8666",
"Tamarin Shopping Centre","retail","West","http://www.superu.mu/","+230 484 0062",
"Tandoori Express","restaurant","Port Louis","","+230 210 9898",
"Thai Sabai Spa","spa","North","https://sabaithai.com/locations/sabai-thai-spa-north-vancouver/","+1 604-985-8896",
"The Hungry Crocodile","restaurant","South","http://lavanille-naturepark.com/","+230 626 2503",
"The Oberoi Beach Resort","hotel","North","https://www.oberoihotels.com/hotels-in-mauritius/?utm_source=GMBlisting&utm_medium=organic","+230 204 3600",
"The Pilates & Yoga Studio Tamarin","spa","West","https://www.pilates-tamarin.mu/","+230 5729 1136",
"The Ravenala Attitude","hotel","North","https://hotels-attitude.com/en/the-ravenala-attitude","+230 204 3000",
"The Residence Mauritius","hotel","East","https://www.cenizaro.com/theresidence/mauritius?utm_source=google&utm_medium=organic&utm_campaign=mauritius","+230 401 8888",
"The St. Regis Le Morne","hotel","West","https://www.marriott.com/en-us/hotels/mruxm-the-st-regis-le-morne-resort-mauritius/overview/?cid=NAT_google_hotel_url","+230 403 9000",
"TravelHub Mauritius","tour","North","https://travelhub-mu.com/","+230 5955 0305",
"Trianon Shopping Park","retail","Central","http://www.lacity-trianon.com/","+230 466 8985",
"Tropic Photography Mauritius","services","North","https://www.tropicpix.com/?utm_source=google&utm_medium=wix_google_business_profile&utm_campaign=15414709431719180682","+230 5829 3702",
"Tropical Attitude","hotel","East","https://hotels-attitude.com/en/tropical-attitude","+230 480 1300",
"Veranda Pointe aux Biches","hotel","North","https://www.veranda-resorts.com/en/mauritius-hotel-veranda-pointe-aux-biches","+230 265 5901",
"Veranda Tamarin Hotel & Spa","hotel","West","https://www.veranda-resorts.com/en/mauritius-hotel-tamarin","+230 483 3100",
"Vertical World","tour","Central","http://www.verticalworldltd.com/","",
"Victoria Urban Terminal","retail","Port Louis","https://www.facebook.com/VUTMauritius/","+230 214 3200",
"Vitamin Sea Mauritius","tour","West","https://www.vitaminsealtd.com/","+230 5490 1450",
"Wapalapam","restaurant","West","http://wapalapam.com/","+230 450 5087",
"Yanature","tour","Central","http://www.trekkingmauritius.com/","+230 5251 4050",
"Yemaya Adventures","tour","East","http://www.yemayaadventures.com/","+230 5254 3205",
"Zen Attitude Spa","spa","East","http://www.zenbamboospa.com/","+230 5927 4410",
"Zilwa Attitude","hotel","North","https://hotels-attitude.com/en/zilwa-attitude/","+230 204 9800",
